complaint_id,customer_id,order_id,complaint_type,channel,severity,created_at,status,resolution_days,compensation_amount,compensation_recorded_flag
CP0001,C0464,O00814,AppIssue,App,High,2025-03-30 02:36:00,Open,11,23.99,True
CP0002,C0056,O00628,MissedPickup,Phone,Medium,2024-11-07 10:05:00,Open,4,21.64,True
CP0003,C0469,O00384,Delay,Chatbot,High,2024-01-02 15:47:00,Open,16,26.41,True
CP0004,C0631,O00406,Delay,App,Medium,2025-01-14 13:07:00,AwaitingCustomer,7,23.44,True
CP0005,C0535,O00154,Delay,Email,Medium,2024-08-31 05:56:00,Resolved,1,16.18,True
CP0006,C0096,O00147,Delay,App,Medium,2024-07-22 07:43:00,Resolved,9,18.51,True
CP0007,C0597,O00981,MissedPickup,App,Medium,2025-01-15 21:57:00,Escalated,4,14.14,True
CP0008,C0309,O00902,AppIssue,Email,High,2024-09-26 19:41:00,Resolved,18,,False
CP0009,C0340,O00011,Delay,App,Low,2025-08-16 04:19:00,Resolved,4,26.35,True
CP0010,C0486,O00417,DriverBehaviour,Phone,Medium,2025-01-13 15:33:00,Open,1,6.32,True
CP0011,C0618,O00437,Delay,App,Medium,2025-09-29 06:54:00,Open,15,19.97,True
CP0012,C0362,O00504,AppIssue,Email,High,2024-09-20 22:57:00,Resolved,12,33.8,True
CP0013,C0157,O00008,MissedPickup,Phone,Medium,2024-04-08 17:54:00,Resolved,8,15.77,True
CP0014,C0545,O00980,Billing,Chatbot,Medium,2024-11-30 23:02:00,Resolved,14,7.08,True
CP0015,C0486,O00417,Delay,Chatbot,Low,2025-01-18 15:33:00,Open,4,0.0,True
CP0016,C0234,O00013,MissedPickup,App,Medium,2024-03-30 22:11:00,Resolved,10,0.0,True
CP0017,C0346,O01181,Delay,Phone,Medium,2024-03-06 23:10:00,Resolved,1,1.16,True
CP0018,C0100,O01151,MissedPickup,Chatbot,Medium,2024-07-05 12:48:00,Resolved,1,9.39,True
CP0019,C0228,O00702,AppIssue,App,Medium,2025-01-07 19:23:00,Resolved,1,19.24,True
CP0020,C0371,O01043,DriverBehaviour,Phone,High,2024-08-04 17:26:00,Resolved,11,33.27,True
CP0021,C0354,O00353,Delay,Chatbot,Medium,2024-01-09 05:14:00,Resolved,5,26.95,True
CP0022,C0516,O00117,Damage,Chatbot,Low,2024-06-18 09:38:00,AwaitingCustomer,10,15.62,True
CP0023,C0193,O00953,DriverBehaviour,App,Low,2025-04-03 01:07:00,Resolved,14,0.93,True
CP0024,C0519,O00677,AppIssue,Chatbot,Medium,2024-03-11 05:19:00,Escalated,9,,False
CP0025,C0617,O00654,Delay,App,Medium,2025-06-19 21:03:00,Resolved,4,11.64,True
CP0026,C0408,O00810,SupportExperience,App,Medium,2024-04-16 03:37:00,Resolved,13,18.44,True
CP0027,C0626,O00948,Delay,Email,Low,2025-05-19 03:07:00,Resolved,1,2.18,True
CP0028,C0242,O00920,Delay,Phone,Medium,2024-08-02 11:42:00,Resolved,1,13.31,True
CP0029,C0477,O00715,MissedPickup,Chatbot,Medium,2025-06-27 13:42:00,Resolved,9,4.01,True
CP0030,C0529,O00682,Delay,Email,High,2024-10-07 09:57:00,Escalated,22,34.84,True
CP0031,C0618,O00886,Billing,Phone,Medium,2024-12-11 11:04:00,Escalated,2,30.35,True
CP0032,C0185,O00051,Billing,Phone,Medium,2025-02-14 23:39:00,Resolved,7,7.09,True
CP0033,C0489,O00848,MissedPickup,App,Medium,2025-06-13 14:13:00,Resolved,8,34.92,True
CP0034,C0070,O00105,DriverBehaviour,App,Medium,2024-07-13 20:33:00,AwaitingCustomer,1,4.09,True
CP0035,C0206,O00650,Delay,Email,Low,2025-10-03 10:28:00,Resolved,5,0.0,True
CP0036,C0282,O00751,Delay,App,Medium,2024-07-08 00:51:00,AwaitingCustomer,2,42.3,True
CP0037,C0561,O00270,MissedPickup,Chatbot,Medium,2025-11-05 15:25:00,AwaitingCustomer,18,7.33,True
CP0038,C0562,O00175,Delay,Chatbot,Medium,2025-12-19 19:13:00,Resolved,1,19.48,True
CP0039,C0231,O00797,Delay,Email,High,2025-03-28 04:08:00,Resolved,14,24.39,True
CP0040,C0512,O00300,Delay,Email,High,2024-04-11 00:39:00,Resolved,9,,False
CP0041,C0146,O00744,MissedPickup,Chatbot,Medium,2025-04-27 03:30:00,Open,9,30.4,True
CP0042,C0361,O00094,SupportExperience,Email,Medium,2024-10-06 03:41:00,Resolved,4,26.2,True
CP0043,C0497,O00411,AppIssue,App,Medium,2025-04-16 21:05:00,Resolved,11,15.35,True
CP0044,C0549,O00838,MissedPickup,Email,High,2025-01-28 00:04:00,Resolved,11,25.0,True
CP0045,C0599,O00421,DriverBehaviour,Email,Medium,2025-07-24 06:00:00,AwaitingCustomer,6,8.74,True
CP0046,C0269,O00573,MissedPickup,Email,High,2024-04-27 09:36:00,Resolved,9,60.3,True
CP0047,C0012,O01157,AppIssue,Phone,Medium,2024-07-09 19:51:00,Resolved,11,19.21,True
CP0048,C0393,O00576,MissedPickup,Phone,High,2024-09-14 19:49:00,Resolved,22,22.5,True
CP0049,C0146,O00126,DriverBehaviour,Email,Medium,2024-05-27 09:04:00,Resolved,4,19.76,True
CP0050,C0163,O00955,DriverBehaviour,Phone,High,2025-01-11 14:30:00,Resolved,14,37.36,True
CP0051,C0274,O00863,AppIssue,Phone,Medium,2025-09-22 18:41:00,Resolved,2,3.9,True
CP0052,C0157,O00115,SupportExperience,App,Low,2024-02-25 06:31:00,Escalated,3,0.0,True
CP0053,C0543,O01236,SupportExperience,Phone,High,2025-05-29 22:57:00,Resolved,13,26.07,True
CP0054,C0224,O00453,Delay,App,Medium,2024-12-07 12:49:00,Resolved,1,36.38,True
CP0055,C0186,O00836,MissedPickup,Chatbot,High,2025-09-23 16:20:00,Resolved,14,60.3,True
CP0056,C0368,O00737,Delay,Email,Low,2024-03-20 03:53:00,Open,9,7.02,True
CP0057,C0191,O00125,Delay,App,Medium,2025-09-23 16:27:00,Resolved,5,24.91,True
CP0058,C0271,O00056,SupportExperience,App,Medium,2025-10-09 20:28:00,Escalated,1,10.06,True
CP0059,C0351,O00603,Delay,Email,High,2024-03-04 23:29:00,Resolved,11,59.75,True
CP0060,C0490,O00869,MissedPickup,App,Low,2024-03-05 05:39:00,Resolved,4,0.0,True
CP0061,C0545,O00980,DriverBehaviour,Phone,Medium,2024-12-07 23:02:00,AwaitingCustomer,11,52.16,True
CP0062,C0162,O00367,Delay,Email,Low,2025-07-16 09:35:00,Resolved,14,0.0,True
CP0063,C0164,O01219,Billing,App,High,2025-06-28 09:52:00,Escalated,10,51.86,True
CP0064,C0215,O00311,AppIssue,Chatbot,High,2024-11-30 00:06:00,Resolved,5,47.81,True
CP0065,C0162,O00367,AppIssue,Email,Low,2025-07-23 09:35:00,Resolved,5,18.74,True
CP0066,C0552,O00741,AppIssue,Email,Medium,2025-06-11 01:28:00,Resolved,10,25.09,True
CP0067,C0599,O00954,MissedPickup,App,Low,2024-07-22 02:17:00,Resolved,6,0.0,True
CP0068,C0166,O00743,Damage,App,Low,2024-02-13 01:34:00,Resolved,10,0.0,True
CP0069,C0583,O00163,Delay,Chatbot,Medium,2025-06-20 18:36:00,Resolved,4,35.96,True
CP0070,C0255,O00206,Delay,Phone,Medium,2025-12-20 14:25:00,Escalated,7,28.5,True
CP0071,C0092,O00870,Delay,Chatbot,Medium,2024-11-05 14:16:00,AwaitingCustomer,10,17.48,True
CP0072,C0495,O00581,Billing,App,Medium,2025-12-10 05:52:00,Open,9,20.18,True
CP0073,C0331,O00073,Delay,App,Medium,2025-04-07 04:59:00,AwaitingCustomer,12,0.0,True
CP0074,C0475,O00268,Delay,Chatbot,High,2024-01-30 06:20:00,Resolved,7,,False
CP0075,C0071,O00974,Delay,Phone,Low,2025-06-22 00:41:00,Resolved,1,7.08,True
CP0076,C0028,O00290,MissedPickup,Chatbot,Low,2024-09-26 22:30:00,Open,15,0.0,True
CP0077,C0573,O00031,Billing,Email,High,2024-11-02 03:17:00,Resolved,13,58.46,True
CP0078,C0261,O01162,AppIssue,Email,Low,2025-06-09 10:51:00,AwaitingCustomer,1,18.23,True
CP0079,C0498,O00475,Delay,Chatbot,Medium,2024-11-11 06:08:00,Resolved,1,0.0,True
CP0080,C0201,O00789,DriverBehaviour,App,Medium,2024-12-20 10:30:00,Resolved,6,18.79,True
CP0081,C0051,O01085,Delay,App,Medium,2024-06-25 08:05:00,Open,1,19.53,True
CP0082,C0578,O00515,Delay,App,Medium,2024-02-06 10:24:00,Escalated,7,10.81,True
CP0083,C0586,O00098,DriverBehaviour,Email,Medium,2024-04-03 20:18:00,Escalated,5,3.16,True
CP0084,C0647,O00272,DriverBehaviour,Chatbot,Medium,2024-12-16 05:03:00,Resolved,9,27.67,True
CP0085,C0622,O00190,Delay,Phone,Low,2025-01-05 06:44:00,Escalated,17,18.19,True
CP0086,C0627,O00496,SupportExperience,Phone,Medium,2024-06-25 15:14:00,Resolved,7,33.83,True
CP0087,C0321,O01020,MissedPickup,Phone,Low,2024-11-03 02:18:00,Resolved,6,13.46,True
CP0088,C0180,O00285,DriverBehaviour,Phone,High,2025-01-13 13:22:00,Resolved,10,14.63,True
CP0089,C0296,O01224,AppIssue,Email,Low,2024-06-12 12:40:00,Resolved,11,0.0,True
CP0090,C0123,O00333,MissedPickup,Phone,Medium,2025-04-06 05:27:00,Resolved,6,24.95,True
CP0091,C0331,O00652,Delay,Phone,Medium,2024-11-13 21:45:00,Resolved,4,,False
CP0092,C0031,O00263,DriverBehaviour,Email,High,2024-03-02 02:04:00,Escalated,12,46.65,True
CP0093,C0436,O00832,Delay,App,Medium,2024-06-11 14:01:00,Resolved,2,16.98,True
CP0094,C0426,O00400,Billing,Chatbot,Low,2025-07-01 06:33:00,Resolved,12,10.94,True
CP0095,C0649,O01240,AppIssue,Chatbot,High,2025-10-11 14:51:00,Resolved,12,34.13,True
CP0096,C0001,O00007,AppIssue,App,High,2024-05-12 21:32:00,Resolved,22,43.9,True
CP0097,C0282,O01227,DriverBehaviour,App,Medium,2024-11-07 10:32:00,Escalated,15,27.94,True
CP0098,C0482,O00335,MissedPickup,App,Medium,2024-01-31 03:09:00,Resolved,18,31.16,True
CP0099,C0110,O00574,AppIssue,Email,Medium,2024-05-04 02:42:00,AwaitingCustomer,14,11.53,True
CP0100,C0078,O00476,Damage,Phone,High,2024-02-28 06:34:00,AwaitingCustomer,25,42.71,True
CP0101,C0119,O00511,DriverBehaviour,Phone,Medium,2024-06-17 09:58:00,Resolved,8,0.0,True
CP0102,C0095,O00843,Delay,Chatbot,Medium,2024-03-08 21:34:00,Resolved,6,14.27,True
CP0103,C0378,O00443,AppIssue,Chatbot,Low,2025-10-23 00:06:00,Resolved,11,11.6,True
CP0104,C0257,O00602,AppIssue,App,Medium,2025-12-15 09:57:00,Resolved,1,0.0,True
CP0105,C0538,O00129,MissedPickup,Chatbot,Medium,2024-12-19 02:28:00,Resolved,10,30.85,True
CP0106,C0595,O00145,AppIssue,Chatbot,Medium,2024-11-10 10:33:00,Resolved,6,11.23,True
CP0107,C0396,O01024,Delay,Email,High,2025-12-23 16:37:00,Escalated,7,33.22,True
CP0108,C0595,O00561,Delay,Chatbot,Medium,2025-06-02 08:23:00,Resolved,1,13.57,True
CP0109,C0626,O00314,MissedPickup,Email,High,2025-02-22 21:55:00,Resolved,9,34.05,True
CP0110,C0564,O00950,AppIssue,Phone,Medium,2025-05-29 02:25:00,AwaitingCustomer,8,12.12,True
CP0111,C0051,O00112,AppIssue,Chatbot,Medium,2024-09-17 07:03:00,Resolved,5,12.4,True
CP0112,C0421,O00586,MissedPickup,App,High,2024-04-09 07:09:00,AwaitingCustomer,7,45.85,True
CP0113,C0174,O00227,MissedPickup,App,Low,2025-08-13 20:06:00,Resolved,5,5.7,True
CP0114,C0480,O01104,MissedPickup,Phone,Medium,2024-09-27 16:27:00,Open,5,0.0,True
CP0115,C0369,O00709,MissedPickup,Phone,Medium,2025-12-14 03:49:00,Open,1,32.02,True
CP0116,C0287,O00178,Damage,App,Low,2024-03-31 19:55:00,Escalated,3,18.49,True
CP0117,C0560,O00831,Delay,Phone,High,2025-03-07 08:02:00,Resolved,11,35.62,True
CP0118,C0272,O00541,Delay,Chatbot,Low,2024-11-11 02:46:00,AwaitingCustomer,3,10.75,True
CP0119,C0142,O00795,Delay,Email,Medium,2025-06-22 13:49:00,AwaitingCustomer,12,,False
CP0120,C0558,O00005,MissedPickup,Phone,Medium,2025-02-25 19:32:00,Resolved,8,54.41,True
CP0121,C0421,O00219,Billing,Phone,Medium,2024-06-05 23:42:00,Resolved,9,27.42,True
CP0122,C0619,O00919,AppIssue,Email,High,2025-02-09 07:06:00,AwaitingCustomer,9,35.13,True
CP0123,C0361,O01222,DriverBehaviour,App,High,2025-09-20 01:14:00,Resolved,23,33.77,True
CP0124,C0077,O00023,SupportExperience,Phone,Low,2025-10-16 04:59:00,Resolved,7,0.0,True
CP0125,C0647,O01036,AppIssue,App,Low,2024-03-06 19:43:00,Resolved,2,3.4,True
CP0126,C0093,O00369,Delay,App,Medium,2024-10-04 12:27:00,Open,15,12.62,True
CP0127,C0368,O00737,AppIssue,App,Medium,2024-03-17 03:53:00,Resolved,6,1.15,True
CP0128,C0142,O00795,MissedPickup,Email,Medium,2025-06-17 13:49:00,Escalated,6,16.5,True
CP0129,C0476,O00686,Delay,Phone,Medium,2025-01-13 12:20:00,Resolved,4,21.23,True
CP0130,C0581,O00618,Delay,Email,High,2025-11-27 10:42:00,AwaitingCustomer,12,24.38,True
CP0131,C0583,O00452,Delay,Email,High,2025-12-09 09:35:00,Open,14,32.48,True
CP0132,C0552,O00368,AppIssue,Phone,High,2024-12-10 22:26:00,Resolved,6,41.06,True
CP0133,C0480,O01104,Delay,App,High,2024-09-21 16:27:00,Open,15,38.76,True
CP0134,C0325,O00167,Delay,Phone,Low,2024-04-29 20:46:00,Resolved,6,21.16,True
CP0135,C0610,O00782,Delay,App,Medium,2024-04-28 01:47:00,Escalated,12,21.82,True
CP0136,C0412,O00711,Delay,Chatbot,Low,2024-12-15 12:25:00,Resolved,3,0.0,True
CP0137,C0549,O00838,DriverBehaviour,App,Medium,2025-02-04 00:04:00,Resolved,1,14.08,True
CP0138,C0400,O00296,Damage,Phone,High,2024-01-18 17:30:00,Escalated,6,31.84,True
CP0139,C0368,O00750,SupportExperience,Phone,High,2024-02-05 07:49:00,Resolved,16,46.47,True
CP0140,C0177,O00062,MissedPickup,Email,High,2025-08-01 08:11:00,Resolved,11,61.45,True
CP0141,C0591,O01046,DriverBehaviour,App,Medium,2026-01-07 11:24:00,Resolved,6,11.71,True
CP0142,C0476,O00087,AppIssue,Chatbot,Low,2024-11-19 14:07:00,Resolved,3,8.27,True
CP0143,C0508,O00717,SupportExperience,Phone,Medium,2024-12-18 21:04:00,Open,3,16.43,True
CP0144,C0078,O01121,Delay,Chatbot,High,2024-06-14 05:59:00,Resolved,10,58.9,True
CP0145,C0436,O01065,AppIssue,Email,Low,2024-07-25 11:49:00,Resolved,3,21.27,True
CP0146,C0001,O00666,Delay,Phone,Medium,2025-09-01 20:17:00,Resolved,4,0.0,True
CP0147,C0383,O01172,DriverBehaviour,Phone,High,2024-09-29 19:02:00,Open,15,33.52,True
CP0148,C0189,O01232,Damage,Phone,Medium,2024-01-22 20:35:00,Escalated,9,11.0,True
CP0149,C0550,O00425,AppIssue,Phone,Medium,2024-11-27 08:15:00,Resolved,10,38.03,True
CP0150,C0546,O00458,Damage,App,High,2025-04-18 01:52:00,Escalated,16,15.85,True
CP0151,C0574,O00729,MissedPickup,Phone,Medium,2026-01-02 22:24:00,Resolved,1,,False
CP0152,C0023,O01101,Delay,App,Low,2024-01-16 06:59:00,Resolved,14,27.41,True
CP0153,C0119,O00511,DriverBehaviour,Chatbot,Medium,2024-06-18 09:58:00,Resolved,8,20.06,True
CP0154,C0630,O00282,Delay,App,Medium,2024-01-28 04:13:00,Open,7,,False
CP0155,C0613,O00999,AppIssue,Email,Medium,2024-07-05 10:26:00,Escalated,6,18.06,True
CP0156,C0372,O00943,AppIssue,Chatbot,Medium,2025-05-01 08:55:00,Resolved,1,0.0,True
CP0157,C0169,O00998,AppIssue,App,Low,2024-12-06 01:26:00,AwaitingCustomer,2,31.26,True
CP0158,C0110,O01131,Delay,App,Low,2024-08-20 14:20:00,Resolved,2,0.0,True
CP0159,C0372,O00348,Delay,App,High,2025-03-16 22:06:00,Escalated,15,34.82,True
CP0160,C0248,O01134,Delay,Phone,Medium,2025-04-12 23:59:00,AwaitingCustomer,9,25.69,True
CP0161,C0107,O01080,Billing,Email,High,2025-05-01 10:04:00,Open,9,46.94,True
CP0162,C0138,O00801,MissedPickup,Phone,Medium,2024-04-02 14:49:00,AwaitingCustomer,6,22.27,True
CP0163,C0326,O00045,Billing,App,Medium,2024-02-19 18:38:00,Open,3,11.17,True
CP0164,C0062,O00468,Delay,Chatbot,Medium,2024-04-01 10:24:00,Resolved,13,3.0,True
CP0165,C0161,O00003,AppIssue,Phone,Medium,2025-09-07 14:37:00,Open,2,8.66,True
CP0166,C0465,O00910,DriverBehaviour,Phone,Medium,2025-08-01 03:46:00,Open,11,18.57,True
CP0167,C0578,O00837,Damage,Chatbot,Low,2024-04-26 16:50:00,Resolved,1,11.75,True
CP0168,C0628,O00752,DriverBehaviour,Email,Medium,2025-06-01 08:27:00,Resolved,10,30.4,True
CP0169,C0419,O00879,MissedPickup,App,Medium,2025-07-08 00:21:00,Resolved,9,11.78,True
CP0170,C0242,O00512,DriverBehaviour,App,High,2024-10-01 10:35:00,Resolved,16,54.34,True
CP0171,C0020,O00880,AppIssue,Phone,Medium,2024-08-30 17:56:00,Escalated,14,18.37,True
CP0172,C0629,O00216,Delay,App,Low,2025-05-20 10:14:00,Resolved,11,0.0,True
CP0173,C0212,O00544,Delay,App,Medium,2024-06-25 19:25:00,Resolved,3,52.43,True
CP0174,C0116,O00594,DriverBehaviour,Chatbot,High,2024-03-16 19:40:00,Open,9,,False
CP0175,C0317,O00551,Damage,Phone,Low,2024-06-19 11:10:00,Escalated,11,11.99,True
CP0176,C0073,O00309,Delay,Chatbot,Medium,2025-10-20 11:57:00,Resolved,6,36.04,True
CP0177,C0046,O00839,Delay,Chatbot,Low,2024-02-09 17:41:00,Resolved,2,14.06,True
CP0178,C0279,O01244,Delay,Phone,High,2025-03-14 06:32:00,Resolved,10,,False
CP0179,C0509,O00441,AppIssue,App,Low,2025-04-12 12:25:00,Resolved,1,16.17,True
CP0180,C0485,O00378,Damage,Chatbot,High,2024-04-07 19:50:00,Escalated,18,38.34,True
CP0181,C0384,O00965,SupportExperience,Chatbot,Medium,2024-10-04 14:59:00,Open,3,31.97,True
CP0182,C0012,O01157,AppIssue,Phone,Low,2024-07-09 19:51:00,Open,12,15.45,True
CP0183,C0122,O00259,SupportExperience,Chatbot,Medium,2025-09-13 09:55:00,Escalated,4,20.4,True
CP0184,C0025,O00161,MissedPickup,Phone,Medium,2024-08-20 17:36:00,Open,3,19.47,True
CP0185,C0100,O01151,MissedPickup,Email,Medium,2024-07-03 12:48:00,Resolved,6,5.59,True
CP0186,C0391,O00817,Delay,App,Medium,2026-01-02 07:45:00,AwaitingCustomer,13,13.55,True
CP0187,C0259,O00351,Delay,Email,Low,2024-04-27 03:31:00,Escalated,10,1.93,True
CP0188,C0139,O00404,Billing,Phone,Low,2025-10-19 20:55:00,Resolved,7,8.19,True
CP0189,C0517,O00166,Delay,Chatbot,Medium,2025-06-08 17:32:00,Resolved,9,19.84,True
CP0190,C0138,O00801,Damage,App,Low,2024-03-31 14:49:00,AwaitingCustomer,6,7.16,True
CP0191,C0358,O00840,Delay,Phone,Medium,2024-04-07 16:35:00,Open,11,14.02,True
CP0192,C0032,O00440,AppIssue,Email,Medium,2024-12-15 02:05:00,Resolved,2,18.72,True
CP0193,C0612,O00467,Delay,Phone,Medium,2024-10-13 16:16:00,AwaitingCustomer,1,15.83,True
CP0194,C0172,O00330,MissedPickup,App,Medium,2025-04-11 06:37:00,Resolved,1,6.47,True
CP0195,C0110,O01131,Delay,Phone,High,2024-08-18 14:20:00,Open,8,32.61,True
CP0196,C0505,O01135,Damage,Phone,Medium,2024-11-20 19:03:00,Resolved,12,22.87,True
CP0197,C0611,O00128,Delay,Phone,Medium,2026-01-04 13:56:00,AwaitingCustomer,9,0.0,True
CP0198,C0621,O00609,Delay,Phone,Medium,2024-09-17 07:15:00,Resolved,2,8.38,True
CP0199,C0180,O01018,DriverBehaviour,App,High,2024-03-04 13:58:00,AwaitingCustomer,13,25.05,True
CP0200,C0256,O00267,DriverBehaviour,Phone,Medium,2024-01-28 20:20:00,AwaitingCustomer,1,8.85,True
CP0201,C0168,O00485,Delay,Chatbot,Medium,2024-12-01 01:17:00,Resolved,13,24.03,True
CP0202,C0422,O00529,MissedPickup,Phone,Medium,2025-08-21 17:48:00,Resolved,7,6.73,True
CP0203,C0279,O01030,DriverBehaviour,Phone,Medium,2025-09-10 08:36:00,Resolved,4,12.46,True
CP0204,C0140,O00720,Delay,Chatbot,Medium,2024-08-30 18:27:00,Open,4,0.0,True
CP0205,C0104,O01005,MissedPickup,App,Medium,2025-05-11 17:35:00,AwaitingCustomer,5,20.67,True
CP0206,C0627,O01119,DriverBehaviour,App,Medium,2024-04-08 09:03:00,Resolved,1,13.45,True
CP0207,C0173,O00792,AppIssue,Email,Low,2025-02-08 06:22:00,AwaitingCustomer,12,,False
CP0208,C0510,O01125,AppIssue,Phone,High,2025-06-26 11:43:00,AwaitingCustomer,20,26.22,True
CP0209,C0447,O00171,MissedPickup,Email,Low,2025-05-08 02:08:00,Escalated,7,9.0,True
CP0210,C0335,O00229,MissedPickup,Chatbot,Medium,2024-09-11 04:43:00,Resolved,10,28.12,True
CP0211,C0191,O00125,Delay,App,Low,2025-09-18 16:27:00,Resolved,11,13.79,True
CP0212,C0095,O01064,MissedPickup,App,Medium,2025-12-27 18:49:00,Resolved,3,19.18,True
CP0213,C0368,O00629,Delay,Email,Medium,2024-10-11 05:44:00,AwaitingCustomer,3,22.87,True
CP0214,C0145,O00048,MissedPickup,App,High,2024-11-27 06:49:00,Resolved,12,61.85,True
CP0215,C0533,O00927,SupportExperience,Chatbot,High,2025-05-17 03:53:00,Resolved,15,29.11,True
CP0216,C0084,O00644,Delay,App,Medium,2025-11-04 08:47:00,Resolved,4,32.45,True
CP0217,C0571,O00941,DriverBehaviour,Phone,Medium,2024-08-18 12:54:00,Resolved,1,6.19,True
CP0218,C0171,O01039,MissedPickup,App,Medium,2025-05-13 10:43:00,Resolved,7,19.7,True
CP0219,C0232,O00540,Delay,Phone,Medium,2024-07-03 03:50:00,Resolved,6,22.23,True
CP0220,C0097,O00254,AppIssue,Email,Low,2024-09-25 17:01:00,AwaitingCustomer,1,8.94,True
CP0221,C0032,O01034,Delay,Email,Low,2025-06-24 08:43:00,Resolved,11,8.34,True
CP0222,C0282,O00751,Delay,Email,Low,2024-07-01 00:51:00,Resolved,4,4.39,True
CP0223,C0529,O01136,Delay,App,Low,2024-04-25 14:05:00,Resolved,6,2.44,True
CP0224,C0564,O00950,Delay,Chatbot,Low,2025-05-22 02:25:00,Resolved,14,25.81,True
CP0225,C0531,O00082,MissedPickup,Phone,Medium,2024-07-30 03:44:00,Open,11,20.66,True
CP0226,C0292,O01129,Delay,Chatbot,Low,2025-03-26 15:04:00,Resolved,1,6.68,True
CP0227,C0026,O00621,DriverBehaviour,Phone,Medium,2025-05-17 19:01:00,Resolved,8,9.16,True
CP0228,C0242,O00920,Delay,Email,Medium,2024-08-02 11:42:00,Open,8,8.1,True
CP0229,C0272,O00541,MissedPickup,Chatbot,Low,2024-11-11 02:46:00,Escalated,11,4.1,True
CP0230,C0054,O00445,AppIssue,App,Low,2025-04-26 22:53:00,Open,12,0.0,True
CP0231,C0639,O00774,MissedPickup,Phone,Low,2025-09-22 23:01:00,Open,1,20.06,True
CP0232,C0539,O00520,Delay,Email,Low,2024-07-12 13:21:00,Resolved,7,8.32,True
CP0233,C0339,O00884,MissedPickup,Email,Medium,2024-04-24 01:52:00,Resolved,3,10.05,True
CP0234,C0140,O00720,Billing,App,High,2024-08-31 18:27:00,Resolved,16,52.03,True
CP0235,C0611,O00632,Delay,Chatbot,Medium,2024-08-09 21:40:00,Resolved,3,32.8,True
CP0236,C0029,O00430,AppIssue,Phone,Medium,2025-01-17 01:45:00,Resolved,11,7.71,True
CP0237,C0508,O01171,DriverBehaviour,App,Medium,2024-12-21 00:50:00,Resolved,8,14.83,True
CP0238,C0014,O00731,MissedPickup,Phone,Medium,2024-03-14 19:38:00,Open,3,36.85,True
CP0239,C0213,O00931,MissedPickup,App,High,2024-03-11 09:00:00,Resolved,20,27.41,True
CP0240,C0428,O00220,DriverBehaviour,Chatbot,Medium,2024-05-31 08:24:00,Open,7,0.0,True
CP0241,C0351,O00989,Delay,Phone,High,2024-03-17 12:01:00,Resolved,14,42.27,True
CP0242,C0345,O01211,AppIssue,Chatbot,Low,2025-11-18 07:13:00,Open,7,2.97,True
CP0243,C0390,O00736,DriverBehaviour,Chatbot,Medium,2024-01-26 22:33:00,Escalated,3,23.87,True
CP0244,C0575,O01168,MissedPickup,Chatbot,Low,2024-12-21 21:12:00,Open,1,6.72,True
CP0245,C0646,O00385,AppIssue,Phone,High,2025-11-02 15:32:00,Resolved,17,16.36,True
CP0246,C0343,O00307,DriverBehaviour,Email,Medium,2025-01-04 22:15:00,Resolved,3,15.88,True
CP0247,C0269,O00573,AppIssue,Email,Medium,2024-04-30 09:36:00,Resolved,3,14.92,True
CP0248,C0452,O00116,Billing,Phone,Low,2025-03-16 15:46:00,Open,5,1.45,True
CP0249,C0074,O00824,DriverBehaviour,Email,Low,2024-08-21 20:47:00,Open,5,10.32,True
CP0250,C0626,O00948,Delay,Email,Medium,2025-05-17 03:07:00,Escalated,1,0.0,True
CP0251,C0399,O00169,Delay,Chatbot,Low,2025-12-04 12:34:00,Resolved,4,0.0,True
CP0252,C0142,O00795,MissedPickup,Email,High,2025-06-19 13:49:00,Resolved,13,42.64,True
CP0253,C0567,O00012,AppIssue,App,Medium,2024-01-25 12:45:00,Resolved,13,22.73,True
CP0254,C0072,O00626,SupportExperience,Chatbot,Low,2025-01-06 12:54:00,AwaitingCustomer,1,7.49,True
CP0255,C0004,O01153,Delay,Phone,Low,2025-01-18 03:57:00,Escalated,3,0.0,True
CP0256,C0191,O00125,AppIssue,App,Medium,2025-09-21 16:27:00,Resolved,3,24.06,True
CP0257,C0381,O00271,DriverBehaviour,Phone,Low,2025-09-25 21:51:00,Open,2,10.53,True
CP0258,C0013,O00531,SupportExperience,App,Medium,2025-05-06 08:49:00,Open,16,9.98,True
CP0259,C0545,O00959,AppIssue,App,Medium,2024-08-13 18:39:00,AwaitingCustomer,12,14.36,True
CP0260,C0250,O00231,MissedPickup,Chatbot,High,2024-12-15 23:23:00,Resolved,5,24.73,True
CP0261,C0566,O00249,AppIssue,Email,High,2024-11-10 18:22:00,Open,18,47.09,True
CP0262,C0491,O00438,AppIssue,Chatbot,Low,2026-01-06 18:23:00,Resolved,8,29.25,True
CP0263,C0561,O00270,Delay,Phone,Medium,2025-11-07 15:25:00,AwaitingCustomer,3,27.52,True
CP0264,C0054,O01063,MissedPickup,Email,Medium,2024-08-01 20:15:00,Escalated,1,12.41,True
CP0265,C0115,O00336,DriverBehaviour,Chatbot,Low,2024-01-10 04:58:00,Escalated,7,14.36,True
CP0266,C0544,O00050,Damage,App,High,2024-03-30 13:44:00,Open,15,38.9,True
CP0267,C0521,O00111,DriverBehaviour,App,Medium,2025-07-25 11:53:00,AwaitingCustomer,3,15.26,True
CP0268,C0445,O00675,AppIssue,App,Medium,2024-02-27 17:22:00,Open,14,37.15,True
CP0269,C0172,O00330,SupportExperience,Email,Medium,2025-04-20 06:37:00,Resolved,3,17.96,True
CP0270,C0208,O00636,Billing,Email,Medium,2024-06-30 07:22:00,Resolved,6,23.97,True
CP0271,C0573,O00393,Delay,Chatbot,High,2025-10-08 17:42:00,Resolved,18,33.09,True
CP0272,C0208,O00771,Delay,App,Medium,2025-07-29 22:53:00,Resolved,10,12.97,True
CP0273,C0010,O00481,Delay,Phone,Medium,2025-04-20 22:35:00,Resolved,10,15.73,True
CP0274,C0622,O00190,SupportExperience,App,Medium,2025-01-01 06:44:00,AwaitingCustomer,7,0.0,True
CP0275,C0109,O00071,MissedPickup,App,Medium,2024-09-03 22:15:00,AwaitingCustomer,10,18.13,True
CP0276,C0015,O01124,AppIssue,Phone,High,2024-05-14 16:45:00,Resolved,12,19.46,True
CP0277,C0444,O01088,MissedPickup,App,High,2024-12-05 10:32:00,AwaitingCustomer,7,46.17,True
CP0278,C0285,O00483,MissedPickup,Phone,Medium,2024-11-27 00:34:00,Escalated,7,12.14,True
CP0279,C0573,O00031,Billing,App,Medium,2024-10-27 03:17:00,Resolved,1,19.87,True
CP0280,C0369,O00753,DriverBehaviour,Email,Medium,2025-01-18 02:40:00,Resolved,6,3.44,True
CP0281,C0510,O01125,MissedPickup,Chatbot,High,2025-06-25 11:43:00,Resolved,11,44.57,True
CP0282,C0335,O00601,DriverBehaviour,Email,Medium,2025-06-03 04:16:00,Escalated,4,18.1,True
CP0283,C0252,O00401,DriverBehaviour,Email,High,2024-06-30 11:15:00,Open,11,61.11,True
CP0284,C0211,O00545,AppIssue,Phone,Medium,2025-04-22 01:02:00,Resolved,9,32.59,True
CP0285,C0172,O00773,MissedPickup,App,High,2024-01-25 23:46:00,Resolved,12,37.06,True
CP0286,C0015,O00873,DriverBehaviour,App,High,2024-12-05 12:06:00,Resolved,10,,False
CP0287,C0405,O00971,DriverBehaviour,Phone,High,2025-12-27 15:30:00,Open,20,,False
CP0288,C0459,O01202,Delay,Phone,Medium,2024-11-14 15:24:00,Escalated,5,20.75,True
CP0289,C0532,O01012,MissedPickup,App,Medium,2025-03-14 05:05:00,Resolved,1,25.56,True
CP0290,C0259,O00351,SupportExperience,App,Medium,2024-05-03 03:31:00,Resolved,6,18.82,True
CP0291,C0515,O00588,SupportExperience,Phone,Medium,2024-06-11 11:49:00,AwaitingCustomer,7,20.04,True
CP0292,C0187,O00765,MissedPickup,Phone,Low,2024-07-21 03:25:00,Open,11,15.26,True
CP0293,C0449,O00202,DriverBehaviour,Phone,Medium,2024-02-02 01:04:00,Resolved,3,28.0,True
CP0294,C0339,O00089,AppIssue,Phone,High,2025-04-30 18:23:00,Open,19,39.64,True
CP0295,C0182,O01107,Billing,Email,Medium,2024-01-30 07:32:00,Open,1,4.94,True
CP0296,C0243,O00041,MissedPickup,Phone,Medium,2024-09-17 13:42:00,Resolved,1,6.59,True
CP0297,C0571,O00776,Delay,App,Low,2025-03-07 00:53:00,Resolved,6,5.67,True
CP0298,C0285,O00483,Delay,App,Medium,2024-11-19 00:34:00,Escalated,1,16.85,True
CP0299,C0178,O00326,Delay,App,High,2024-11-15 09:05:00,Open,11,,False
CP0300,C0408,O00553,SupportExperience,Phone,Low,2024-01-15 20:55:00,Open,14,4.56,True
CP0301,C0023,O00414,DriverBehaviour,Phone,Medium,2025-04-05 20:30:00,Resolved,4,16.83,True
CP0302,C0372,O00373,MissedPickup,Chatbot,High,2024-06-03 20:00:00,Resolved,8,37.07,True
CP0303,C0294,O00872,MissedPickup,App,Low,2024-11-11 11:01:00,Open,9,15.19,True
CP0304,C0178,O00455,Delay,Phone,Medium,2024-08-14 02:36:00,Open,7,20.69,True
CP0305,C0226,O01015,DriverBehaviour,Chatbot,High,2025-08-08 21:14:00,Resolved,11,37.25,True
CP0306,C0004,O00081,Damage,App,High,2025-04-26 12:53:00,Resolved,21,35.58,True
CP0307,C0248,O00900,DriverBehaviour,Chatbot,Medium,2024-09-20 00:05:00,Resolved,4,,False
CP0308,C0597,O00865,DriverBehaviour,Phone,High,2024-03-28 00:53:00,Resolved,13,37.97,True
CP0309,C0175,O01106,Damage,Email,High,2024-03-01 00:14:00,Resolved,7,57.63,True
CP0310,C0421,O00219,DriverBehaviour,Phone,High,2024-06-08 23:42:00,Resolved,13,45.71,True
CP0311,C0636,O00894,DriverBehaviour,App,High,2024-01-15 22:16:00,Resolved,19,,False
CP0312,C0026,O00341,Delay,App,Medium,2024-12-23 20:58:00,Open,12,19.78,True
CP0313,C0028,O00290,Delay,Chatbot,Low,2024-09-27 22:30:00,Resolved,2,8.86,True
CP0314,C0378,O00443,SupportExperience,App,Low,2025-10-28 00:06:00,Resolved,6,4.67,True
CP0315,C0517,O00645,MissedPickup,Chatbot,High,2024-12-28 21:06:00,Resolved,14,58.16,True
CP0316,C0454,O00055,MissedPickup,Phone,Medium,2025-06-05 23:44:00,Resolved,7,12.97,True
CP0317,C0631,O00406,DriverBehaviour,Chatbot,Medium,2025-01-17 13:07:00,Resolved,6,26.52,True
CP0318,C0056,O00628,Delay,App,Medium,2024-11-02 10:05:00,Open,5,20.42,True
CP0319,C0325,O00167,Delay,Email,Medium,2024-04-27 20:46:00,Resolved,2,11.9,True
CP0320,C0207,O01179,MissedPickup,Email,Medium,2025-10-16 18:48:00,Resolved,1,1.97,True
